62-3936,Dania,Mayeda,1996-11-30,4.43
46-3765,Jorry,Ricarda,1996-04-16,4.05
45-2080,Shell,Evvie,1998-12-14,1.98
84-1660,Marita,Fairweather,1994-05-23,1.08
46-9613,Kassey,Denis,1997-07-20,2.98
80-7477,Nerta,Jethro,1990-02-13,4.42
46-2379,Lorne,Dawkins,1994-04-27,4.7
70-5097,Dyann,Kaete,1996-09-07,2.34
45-3324,Aili,Ade,1994-12-16,1.6
46-2839,Ivett,Rona,1998-02-13,4.46
87-6044,Cecile,Glovsky,1998-04-21,4.44
89-3973,Lorne,Prober,1998-05-21,3.95
46-9848,Regina,Modie,1993-02-23,1.76
46-3092,Britte,Lanita,1991-09-01,1.79
88-7707,Mariele,Sothena,1992-11-29,2.69
48-2717,Desirae,Blake,1992-10-30,1.61
80-3252,Althea,Judye,1999-06-22,2.27
44-5569,Ayn,Rugen,2000-09-14,1.3
57-6499,Dode,Letsou,1991-01-04,3.49
44-9104,Nessie,Maribeth,1992-12-06,3.88
46-8943,Ardeen,Nedrud,1991-03-01,2.86
48-8429,Ninnetta,Rona,1996-10-28,2.7
44-4141,Yvonne,Lubin,1991-10-01,1.41
48-5681,Vere,Frodi,2000-06-30,1.18
68-3368,Sheelagh,Ephrem,2000-12-10,3.93
84-4478,Rhoda,Ventre,1991-09-12,4.14
86-4111,Lilith,Garek,1999-11-09,4.44
44-9198,Adele,Thema,1997-04-02,2.02
84-3864,Giustina,Hanshaw,1994-07-25,2.53
75-2764,Elora,Fry,1990-09-29,3.33
47-8582,Chastity,Jary,1990-07-17,0.88
55-4105,Evita,Chabot,1992-03-27,0.89
47-4547,Adele,Socha,1999-07-06,3.05
86-4047,Micheline,Ogren,1999-11-06,4.76
86-7359,Ileana,Pip,1997-07-13,3.19
46-8636,Fanchon,Bahr,2000-10-11,2.88
49-9589,Correy,Lea,1992-01-16,1.1
71-2966,Charlena,Truc,1999-02-12,2.24
44-0762,Fayre,Aida,1995-02-27,4.23
59-6204,Lexine,Dermott,1998-07-02,4.59
66-7096,Mara,Si,1995-01-13,0.85
44-4704,Winifred,Yorick,1999-03-04,2.1
74-2780,Emmey,Haldas,1994-10-19,2.31
46-7114,Kathi,Kravits,2000-09-14,3.79
70-1899,Meghann,Knowling,1993-02-02,1.23
45-1986,Chloris,Leonard,1993-12-31,1.52
46-8356,Lyssa,Ball,1996-04-12,1.85
46-1515,Jean,Garrison,2000-07-05,3.4
46-0297,Veda,Hillel,1995-04-18,3.07
45-1613,Zia,Jarib,1990-12-06,4.47
86-4745,Romona,Raychel,1996-12-09,2.45
49-2368,Georgina,Karylin,1992-09-28,2.6
48-1493,Winifred,Lay,1996-02-06,1.98
46-5056,Mireielle,Rocray,1999-07-21,2.42
69-8811,Ilse,Cassius,1999-09-27,4.06
87-0916,Fernande,Whiffen,1995-09-19,1.76
44-1044,Elbertina,Stilwell,1996-07-11,4.61
49-9367,Tressa,Destinee,1998-10-28,1.32
44-9840,Nanete,Berl,1991-10-10,3.49
49-3458,Suzette,Leopold,1996-12-07,2.43
49-6372,Riannon,Friede,1994-05-16,3.01
49-8066,Nataline,Remmer,1998-04-02,1.87
74-5042,Sue,Corabella,1993-07-06,1.58
47-8781,Viki,Zeeba,1992-07-05,3.13
46-8372,Adelle,Roxanna,2000-05-09,1.54
46-6436,Harmonia,Doig,1995-04-06,2.28
48-2663,Jordan,Vernier,1990-03-15,1.64
46-5988,Gretal,Bluh,1998-05-26,3.99
48-6085,Queenie,Lubin,1999-07-11,4.02
87-4697,Linet,Duwalt,1995-09-11,3.82
89-9423,Angelique,Lynn,1998-11-23,1.23
52-7748,Berta,Gilmour,2000-02-28,4.42
77-8969,Chickie,Quent,1999-04-19,3.11
76-5399,Jemie,Silvan,1990-03-09,0.81
44-4507,Sibella,Leonard,1993-07-30,1.38
49-0860,Ariela,Toni,1997-03-20,3.82
46-3489,Raina,Bettine,1990-02-11,3.36
49-5042,Bill,Soneson,1993-08-08,2.78
44-7485,Marnia,Blake,1999-06-11,4
68-6984,Sandie,Charity,1998-06-09,2.1
56-7702,Rosabelle,Read,1992-04-08,3.32
44-7448,Jenda,Tayib,1990-01-29,1.58
48-3865,Kylynn,Brenn,1993-07-14,1.1
47-9372,Laure,Frendel,1994-09-04,3.61
83-6137,Odessa,Hewitt,2000-09-23,2.47
71-0607,Corina,Kunin,1995-07-05,3.56
47-9662,Felice,Tippets,1997-10-15,4.28
46-2208,Shell,Eldrid,1998-11-09,2.23
44-3134,Maud,Cristi,1993-12-17,1.98
84-8459,Tybie,Sammons,1992-03-20,2.81
45-0853,Kaia,Saint,1997-05-29,1.9
55-5405,Charmaine,Medrek,1995-09-24,4.32
48-1050,Doro,Rooney,1990-05-25,0.99
49-0546,Thalia,Tatianas,1996-06-07,2.02
46-5540,Jinny,Codding,1997-04-19,1.36
73-2861,Gabriellia,Tannie,1991-09-24,2.59
78-6697,Karolina,Kronfeld,1991-04-02,3.42
48-3617,Rhoda,Junie,1991-08-15,1.01
45-3544,Cacilie,Parsaye,2000-02-01,4.64
44-3597,Sindee,Alarise,1992-08-11,4.8
88-4584,Tonia,Yerkovich,1997-06-05,2.83
57-1434,Pollyanna,Roscoe,1994-11-18,3.31
46-6549,Yetty,Johanna,1992-08-11,2.66
46-3198,Sashenka,Andrel,1994-07-04,1.37
48-1258,Jenda,Lacombe,1993-06-26,1.68
44-2611,Ruthe,Gabrielli,1999-06-16,3.62
60-1849,Penelopa,Paton,1995-02-25,3.37
46-9334,Lynde,Jobi,2000-12-09,3.31
62-5023,Annabela,Clarissa,1997-03-06,2.69
45-5313,Queenie,Stacy,1994-03-02,2.01
89-8182,Elora,Durware,1991-01-07,4.17
49-5094,Glynnis,Sibyls,1991-10-25,4.4
76-4267,Dari,Skurnik,1997-04-28,2.95
82-6292,Sadie,Darrell,1991-01-04,2.26
72-9846,Nariko,Giule,2000-07-01,3.92
47-0056,Shaylyn,Gregrory,1999-10-30,2.63
81-3081,Dyann,Stanwood,1994-02-01,1.76
47-8366,Grier,Naor,1991-03-10,1.83
51-1915,Nadine,Torray,2000-12-20,3.62
80-4174,Jan,Grobe,1992-01-13,3.21
45-6969,Heida,Dominy,1996-05-25,1.88
76-2336,Kylynn,Goldina,2000-08-18,3.25
44-1890,Gretal,Ortrude,1996-06-30,4.4
73-3032,Rayna,Winthorpe,1996-11-23,3.77
86-1524,Augustine,Han,1997-10-15,2.78
44-4058,Jeanna,Hessler,1995-06-12,3.5
65-2941,Lucy,Curren,1996-03-01,1.12
48-2362,Talya,Roxanna,1998-07-08,3.34
46-1036,Rori,Zitvaa,1990-02-10,1.08
71-4109,Jessy,Vanni,1994-03-14,2.05
64-4378,Anthia,Magdalen,2000-11-26,1.64
68-9822,Linzy,Meter,1998-01-25,2.66
63-1690,Melanie,Bendick,1991-11-23,2.19
74-2401,Grier,Idelia,1997-11-25,1.22
82-1916,Loree,Sherrie,1993-06-03,2.32
75-6712,Fredericka,Beebe,1998-11-17,1.65
49-8213,Eugine,Mintz,1999-12-12,3.83
49-0762,Desirae,Hutchison,1998-06-12,3.71
46-8610,Hyacinthe,Sikorski,1999-05-23,1.78
48-1684,Ebonee,Hebner,1990-11-23,3.9
59-9327,Genevra,Hollingsworth,1999-04-14,1.08
79-9570,Eadie,Orelee,1995-06-06,1.45
88-8869,Joeann,Smitt,1993-04-24,3.68
66-2964,Cathie,Paton,1991-09-19,1.01
46-6020,Trixi,Bakerman,1996-05-06,1.54
88-7534,Quintina,Jarib,1993-07-27,2.96
46-8406,Britte,Harned,1991-10-21,2.3
76-4641,Abbie,Muriel,1990-04-23,3.02
47-3238,Janenna,Breed,1995-12-04,4.11
48-4418,Estell,Mozelle,1996-06-09,3.59
89-0842,Paule,Heisel,1992-04-20,4.43
45-5168,Paule,Ricarda,1992-03-08,2.79
45-5283,Lorenza,Lindemann,1999-01-12,1.42
49-1890,Alie,Naor,1998-11-05,2.69
82-1773,Raf,Emerson,1992-12-16,1.72
45-4197,Darci,Gemini,1998-01-20,2.37
48-3139,Karina,Borrell,2000-05-24,1.23
48-9310,Karena,Gordon,1995-10-18,1.94
44-9059,Kathi,Georas,1997-06-24,2.35
48-9315,Julieta,Ailyn,1998-10-20,2.17
45-3536,Valli,Kenney,1996-08-11,4.52
67-6443,Ottilie,Kathie,1998-12-12,4.61
78-3668,Norine,Joni,1999-03-13,1.49
49-2015,Ernesta,Emanuel,1993-05-21,2.11
49-5588,Charmaine,Carey,1995-09-08,2.34
46-6478,Beverley,Goldina,1993-07-08,2.04
49-5487,Melina,Annice,1991-03-19,1.3
47-7077,Sharlene,Billye,1990-07-27,2.05
59-9837,Layla,Colbert,2000-08-31,4.57
44-9945,Perry,Angelis,1996-07-02,3.57
54-3286,Joelly,Charity,1994-09-04,3.08
49-1802,Celisse,Malanie,2000-02-19,3.91
66-9066,Grier,Clarissa,1992-01-14,1.99
47-5112,Sharlene,Pauly,1994-01-26,2.37
48-8353,Angela,Brenn,1994-07-29,2.26
48-5551,Donetta,Shaver,1995-11-03,3.05
61-2222,Jacquetta,Vivle,1999-08-15,3.68
66-5109,Molli,Wildermuth,1995-08-22,1.79
47-2354,Renie,Bonucci,2000-12-22,3.19
61-4652,Corina,Doig,1997-07-31,1.65
66-4212,Veda,Phyllis,1992-11-19,3.01
48-5850,Layla,Isidore,1994-12-13,0.82
48-5931,Ilse,Pierette,1990-01-26,0.85
46-2005,Tatiania,Cookie,1994-11-18,2.13
45-6005,Carlie,Kinnard,1998-12-07,4.15
72-8333,Evaleen,Teddman,1992-03-02,3
69-5267,Mara,Audly,1999-09-24,4.54
77-0475,Roz,Taam,1998-11-23,1.28
44-7408,Mureil,Colyer,1998-11-08,1.93
67-4255,Chere,Janene,1991-07-12,3.72
46-4623,Marcelline,Vins,1994-07-13,2.12
44-6946,Janenna,My,1990-09-09,4.07
44-5595,Ginnie,Pelagias,1993-05-29,4.71
48-9361,Lindie,Ludewig,1995-04-08,3.15
49-0580,Kristan,My,1991-08-26,0.99
67-2083,Ida,Harriman,1999-12-06,2.93
44-4066,Vevay,Armanda,2000-03-14,3.81
47-4646,Adele,Joachim,1998-11-17,1.49
45-5871,Marcy,Kosey,1992-01-20,3.53
47-3430,Rosene,Haerr,2000-07-08,3.89
46-0574,Tracey,Leffen,1991-06-16,4.19
61-6684,Reeba,Delp,1997-10-29,4.07
48-4707,Tamqrah,Irmine,1998-08-03,1.42
45-5875,Kellen,Rogerio,1998-06-05,1.84
46-6888,Kittie,Melleta,1997-03-26,2.41
79-7873,Fanchon,Rese,1992-02-28,3.94
47-9124,Tarra,Brieta,1999-03-06,2.41
46-3208,Nerta,Elephus,1998-06-28,3.01
47-1550,Ira,Erb,1991-09-25,2.67
49-9975,Ericka,Newell,1990-03-09,2.36
44-4550,Amelia,Latini,1998-02-08,1.25
88-3201,Emelina,Dawkins,1998-09-21,0.88
44-0364,Jere,Lail,1994-02-07,1.73
51-0492,Glynnis,Creamer,1997-04-29,2.82
45-1419,Adore,Cherianne,1990-10-06,4.51
47-6572,Sabina,Lucienne,1995-05-15,4.37
46-4492,Blondelle,Tamar,1992-04-01,2.7
48-6654,Darlleen,Darbie,1990-04-08,2.52
64-9951,Codie,Maroney,1992-10-02,1
71-5716,Correy,Pacorro,1996-05-14,3.78
46-0752,Tatiania,Bari,1996-01-01,3.75
53-1755,Lilith,Mayeda,1998-07-06,2.39
47-8421,Nelle,Burnside,1997-03-03,1.89
45-2109,Anica,Gladstone,1992-08-23,1.59
46-6080,Atlanta,Georas,1991-02-23,2.15
79-2485,Deedee,Hamil,1992-11-10,2.86
59-5840,Layla,Paton,1992-03-11,2.7
48-2350,Carol-Jean,Krystle,1996-04-19,4.76
47-5776,Katuscha,Jacqui,1998-08-17,2.1
52-4051,Mady,Argus,1991-09-15,0.82
44-1235,Netty,Shelba,1997-07-04,4.25
45-3986,Brana,Manolo,1991-10-19,3.59
56-7862,Sibella,Couture,1995-04-25,3.08
89-9408,Thalia,Swigart,1993-09-14,2.08
48-1817,Joceline,Hamil,1993-02-23,1.6
44-8673,Marline,Bobbee,1996-11-10,1.52
58-0286,Goldie,Chapland,1997-12-10,0.91
79-9315,Deloria,Faso,1995-12-14,2.07
56-6940,Di,Peonir,1996-05-09,3.66
74-9742,Maud,Nisbet,2000-11-13,4.46
60-1593,Elmira,Carmena,1993-07-27,2.94
88-5736,Audrie,Flita,1999-12-13,3.94
59-8413,Selia,Evangelia,1997-09-13,3.53
72-1260,Anestassia,Georas,1996-12-21,3.23
47-6147,Vinita,Letsou,1991-12-29,2.79
84-0906,Tilly,Toor,1999-01-19,2.84
48-2621,Cyb,Jess,1995-11-03,3.99
48-5300,Jaime,Thomasina,1991-04-10,3.48
81-1950,Cherilyn,Croix,2000-08-17,1.8
50-7150,Shandie,Tatianas,1993-12-12,4.3
83-2498,Marylou,Rocray,1997-12-01,4.63
48-8545,Millie,Chesna,1992-11-20,3.31
69-9024,Imojean,Ricki,1994-04-13,3.3
49-8500,Ada,Sheng,2000-07-06,2.04
48-0384,Sandie,Myrilla,2000-08-15,3.53
81-5828,Lulita,Mich,1990-07-27,1.13
44-1296,Amelia,Terencio,1990-02-01,1.45
51-3474,Christy,Hunfredo,1995-08-09,0.81
59-0511,Nonnah,Eno,1996-01-28,1.34
63-7670,Talya,Burkle,1991-02-01,1.14
68-1722,Gertrud,Mitzi,1992-01-28,4.56
48-6615,Anestassia,Nester,1990-12-02,1.49
68-0550,Amii,Gabrielli,2000-08-10,1.26
74-1145,Ingrid,Margarete,1996-06-25,2.44
56-9604,Perry,Penelopa,1997-01-30,1.23
54-5784,Merrie,Caitlin,1995-04-13,3.46
60-5527,Deloria,Martsen,1999-12-02,3.98
44-6386,Caritta,Haymes,1990-10-10,2.22
48-0313,Kathi,Krystle,1990-09-15,4.42
44-7601,Charissa,Weaks,1994-05-20,1.83
47-8382,Kellen,Bates,1991-12-21,2.12
61-6809,Meghann,Turne,1991-07-21,3.34
63-2947,Rochette,Sisile,1990-08-07,3.84
64-7052,Danika,Slifka,1996-10-24,1.63
77-3233,Dorene,Jerald,2000-05-23,3.71
46-4680,Lisette,Jobi,2000-11-04,3.86
66-6293,Penelopa,Amadas,1992-08-13,2.9
44-6518,Dorothy,Milson,1997-04-01,1.98
66-5186,Carlie,Adamsen,1995-10-29,1.96
82-4827,Danika,Tillford,1993-12-22,0.82
45-2685,Grier,Schonfeld,1997-10-14,0.92
47-6112,Marsiella,Aida,1990-08-19,3.5
54-3905,Roseline,Diann,2000-11-28,4.63
57-3818,Karena,Carolin,1990-10-24,3.01
56-0254,Raina,Lowry,1995-03-26,1.41
72-5356,Rani,Justinn,1991-09-19,3.45
45-4578,Tersina,Federica,1997-08-14,0.9
52-1107,Konstance,Brady,1997-11-17,1.54
79-9675,Joleen,Brodench,1994-09-21,0.89
48-9710,Ellette,Rurik,1997-07-03,3.3
74-0672,Talya,Bartlett,1990-02-28,3.27
47-9257,Arlena,Boycey,1996-05-07,2.77
44-7453,Marnia,Hanleigh,1997-05-21,2.12
75-7235,Raina,Bronk,1998-12-05,2.64
64-8017,Mariann,Brittani,1997-09-21,3.71
77-2863,Mady,Bendick,1991-04-29,1.14
45-7073,Hollie,Hathaway,1995-07-02,1.26
47-0704,Florencia,Tristram,1995-07-03,2.36
85-6056,Maye,Joni,1997-02-20,1.67
82-0937,Brooks,Vilma,1992-11-10,3.53
44-0832,Meghann,Iiette,1996-10-13,1.75
69-9475,Desirae,Kaete,2000-09-29,2.45
46-0746,Mellicent,Hebner,1993-11-19,0.87
47-8780,Paulita,Larochelle,1993-06-21,3.05
52-4472,Hermione,Jethro,1997-07-07,4.3
48-0176,Alejandra,Schenck,1997-07-09,1.85
47-4569,Sidoney,Aida,1991-09-11,1.06
50-3727,Maridel,Manolo,1991-01-03,2.95
64-3442,Perry,Mata,1994-05-06,2.99
47-0453,Ayn,Zaslow,1993-12-02,0.97
47-5426,Kore,Maribeth,1991-07-30,2.76
85-9186,Tani,Whittaker,1995-09-01,1.48
45-8775,Luci,Selway,2000-04-23,4.77
54-6999,Darlleen,Havens,1996-03-27,3.58
49-5968,Viki,Graig,1999-03-03,1.54
62-3791,Leontine,Redmond,1999-08-27,0.94
54-7143,Minda,Lipson,1991-12-04,2.51
64-6668,Mady,Martguerita,1996-03-19,3.57
48-9404,Genovera,Rurik,1998-03-20,2.49
88-2581,Anallese,Cookie,1999-08-28,2.92
45-8959,Jacenta,Wildermuth,1997-09-08,2.7
46-6706,Rhoda,Shanley,1999-04-05,1.5
44-2568,Drucie,Rozanna,1997-07-09,3.66
52-6294,Rori,Penelopa,1995-08-30,1.44
70-5612,Adore,Brodench,1991-02-03,1.2
44-3617,Beth,Glenden,1990-09-30,4.4
44-4124,Ekaterina,Lasley,1996-12-28,0.82
87-1661,Deane,Jacinda,1996-04-21,4.12
47-3170,Nonnah,Agle,1996-04-15,1.97
47-7195,Corly,Allina,2000-08-14,2.76
44-0424,Goldie,Gillan,1997-07-16,3.62
50-7223,Sean,Tamar,1994-07-29,2.42
58-4540,Luci,Freddi,1993-09-19,3.73
46-6701,Stevana,Bow,1999-01-27,1.99
88-6817,Roslyn,Regan,2000-02-14,2.47
48-6692,Elka,Michella,1995-02-14,2.49
46-1388,Chrystel,Teryn,1997-10-19,4.07
88-7158,Beatriz,Chobot,1994-02-27,3.46
47-2181,Jordan,Melony,1992-02-26,2.94
60-6533,Willetta,Beebe,2000-04-11,1.97
88-7040,Yolane,Euridice,1990-01-07,3.78
44-3150,Mireielle,Diann,1992-04-01,2.34
54-3023,Kassey,Lea,1999-06-15,3.1
49-5250,Odessa,Alwin,1991-02-11,2.09
54-3013,Dianemarie,Charmine,1995-08-02,2.33
45-7898,Ashlee,Burkle,1997-03-06,2.98
62-0874,Britte,Milson,1993-04-28,3.53
78-2264,Kathi,Bertold,1991-06-26,3.64
47-4762,Sue,Eldrid,1998-05-23,2.87
74-6768,Madeleine,Cleavland,1996-03-11,3.54
49-3560,Cassondra,Zenas,2000-04-20,4.56
48-8915,Joelly,Elo,1993-04-18,3.49
48-3292,Stacey,Pip,1996-05-31,1.26
54-3321,Ingrid,Dimitris,1997-03-02,1.76
49-3444,Raina,Penelopa,1998-03-22,1.42
70-9824,Gilligan,Havens,1995-10-12,4.01
74-1814,Alexine,Libna,1995-01-26,4.08
77-2079,Fredericka,Kellby,1998-03-15,3.38
78-7202,Kelly,Cohdwell,1991-07-17,0.81
49-8467,Loree,Destinee,1991-09-09,3.63
46-8876,Kathy,Quinn,1990-02-15,4.41
46-7701,Vanessa,Etom,1992-08-12,3.89
47-8428,Jessy,Florina,1997-04-27,1.61
47-0905,Kellen,Milde,2000-06-01,1.55
44-8588,Chandra,Lissi,1992-02-20,2.05
73-7374,Kore,Pillsbury,1995-05-05,3.03
46-7295,Kary,Gamaliel,1995-05-06,2.28
79-9523,Aili,Zola,1994-07-19,1.82
62-5370,Marylou,Carleen,1990-08-25,1.02
69-8209,Isa,Oriana,1995-12-31,2.57
79-3577,Ardys,Helfand,1994-06-26,2.65
82-7383,Adele,Dom,1992-07-06,1.96
47-7461,Kary,Felecia,1999-03-13,3.85
46-2072,Debee,Richers,1993-10-15,2.08
44-5856,Janey,Faria,1998-07-05,0.93
57-2451,Annabela,Ortrude,1996-06-13,2.32
68-1659,Barbi,Nicoline,2000-09-07,4.64
64-9289,Fayre,Ailyn,1992-03-19,1.52
46-4638,Gilda,Duwalt,1991-09-13,2.84
64-3862,Perry,Henrie,1991-04-02,4.14
77-3263,Trudie,Mott,1993-05-11,1.48
69-9539,Bee,Reinke,1999-04-13,4.06
89-3184,Theodora,Brenn,2000-07-03,3.75
76-3728,Rhea,Genna,2000-10-14,3.95
44-7753,Clarice,Letsou,1994-01-31,4.28
46-9384,Carmencita,Urias,1992-12-31,3.06
48-4992,Lizzie,Persse,1996-11-22,3.61
87-9462,Flory,Bouchard,1991-04-04,2.81
60-8398,Vanessa,Arquit,1994-07-16,3.95
53-1446,Catharine,Denis,1996-04-16,3.16
46-3940,Mathilda,Francyne,1994-06-06,2.56
52-2361,Jemie,Berriman,1997-09-23,1.49
45-6975,Belinda,Swanhildas,1993-10-05,0.99
80-5556,Minda,Skell,1992-06-17,0.99
47-0039,Mahalia,Toor,1996-05-02,1.35
67-3781,Cindelyn,Trinetta,1997-02-27,3.59
83-6495,Nonnah,Alva,1994-04-04,4.53
48-5008,Danny,Klemperer,1992-10-21,3.37
54-8524,Ermengarde,Old,1996-09-15,4.57
47-7866,Andeee,Rudolph,1991-07-24,4.21
79-8160,Cassondra,Poll,1993-11-04,2.7
67-9822,Margette,Zola,1992-11-15,2.64
88-2532,Brooks,Thunell,1992-08-04,3.88
56-1901,Tori,Karl,1999-06-06,1.19
60-2808,Wilma,Graig,1996-01-18,3.12
47-4415,Tressa,Francene,1994-09-30,2.47
46-7825,Kamilah,Ahab,1993-05-20,3.39
61-5796,Basia,Stuart,1998-03-14,2.71
45-2649,Dennie,Keily,1998-07-22,2.75
47-2271,Margarette,Kermit,2000-05-08,3.83
66-0919,Jessamyn,Pierette,1992-06-18,0.89
49-0679,Carly,Ahab,1996-03-28,3.95
49-4649,Thalia,Stelle,1996-10-15,3.86
45-7863,Merle,Oneida,2000-04-07,4.3
48-7069,Anthia,Breed,1994-04-08,2.38
45-7927,Carmencita,Ellerey,1992-05-20,1.37
52-8284,Mallory,Tremayne,1997-03-10,4.6
47-2933,Sue,Payson,1998-06-17,0.82
57-9928,Cherrita,Franza,1995-11-03,0.94
61-0537,Shaine,Montgomery,1997-08-02,3.54
53-8542,Elyssa,Haerr,1994-02-03,1.08
54-3386,Kelly,Ulphia,1996-05-24,2.14
48-9553,Tierney,Vary,1994-06-22,4.13
47-1653,Leia,Dermott,1994-04-29,2.48
45-2010,Marti,Urias,1992-05-13,3.67
49-7618,Carly,Dannye,1997-02-27,2.3
45-4650,Joceline,Libna,1990-12-10,4.28
70-8904,Consuela,Bohlin,1992-07-27,4.19
47-5711,Melodie,Raffo,1997-06-08,3.35
47-7264,Joelly,Gaulin,1993-12-25,0.83
46-9738,Blondelle,Seumas,1996-08-09,3.83
70-5080,Berget,Melony,1999-04-22,4.79
58-7301,Iseabal,Bobbee,1991-11-18,4.31
44-1182,Sherrie,Bonucci,1992-10-04,3.73
51-9773,Gretal,Chaing,1999-05-05,3.95
44-8834,Nelle,Justinn,1999-06-08,2.35
47-4180,Goldie,Timon,1995-05-14,1.43
44-9451,Gerrie,Orpah,1992-10-02,2.71
82-1788,Roxane,Toor,1997-06-12,2.13
74-3261,Leontine,Adalbert,1993-03-17,3.63
44-2848,Rosaline,Hessler,1999-11-13,4.51
49-4214,Carly,Gladstone,2000-11-05,1.64
64-8183,Atlanta,Shama,1994-08-07,2.64
52-2692,Taffy,Daniele,1991-12-11,1.23
45-4048,Gwenneth,Engdahl,1999-05-08,1.84
46-1198,Jean,Dorothy,2000-08-31,3.58
89-5112,Kial,Baptlsta,1998-05-20,3.29
51-7749,Kirstin,Ramona,1994-01-21,3.28
49-0308,Blondelle,Truc,1994-06-21,1.53
44-5653,Jessy,Ralfston,1996-10-03,1.98
53-7284,Alejandra,Berriman,1998-09-15,3.96
49-5863,Eolanda,Zamora,1992-06-07,2.73
87-3448,Helsa,Marijo,1993-01-03,1.77
82-5225,Roz,Hollingsworth,1990-01-16,1.35
57-7790,Deane,Lytton,1994-08-17,2.31
86-5917,Addia,Old,1994-12-06,3.57
86-6632,Brandise,Corabella,1996-03-24,2.43
45-4308,Lorenza,Elo,2000-09-02,3.03
45-0851,Raquela,Xerxes,1999-03-20,3.23
66-8404,Correy,Rurik,1993-06-09,4.4
82-5858,Britte,Tarrant,1998-01-14,0.96
75-7685,Ilse,Grobe,1994-04-23,2.95
44-7296,Lulita,Lilas,1998-12-12,4.04
61-5711,Trudie,Zenas,1996-07-07,4.49
86-2425,Rhea,Cavan,1990-05-16,4.26
86-4194,Consuela,Ramona,1998-02-21,1.57
44-1118,Maryellen,Pattin,1997-10-29,2.5
47-0120,Ursulina,Gahl,1997-01-11,2.78
49-9211,Dennie,Mata,1992-07-27,3.28
46-9918,Shandie,Poll,1994-07-03,1.92
58-4490,Ashlee,Malvino,1992-09-16,1.4
47-9442,Kittie,Clywd,1993-11-28,3.55
77-1186,Veda,Septima,1990-11-12,3.57
49-0587,Charissa,Mott,1996-07-11,3.45
44-4365,Paola,Angelis,1990-01-27,2.18
46-3951,Ninnetta,Truc,1998-02-05,2.13
48-2160,Vere,Screens,2000-06-23,4.44
70-3100,Nyssa,Cullin,1996-09-22,3.23
86-4987,Dione,Hilbert,1994-02-04,1.23
45-9962,Lanna,Urania,1994-11-30,3.4
75-0033,Libbie,Deny,1993-12-30,3.84
49-6538,Cyndie,Colyer,1997-01-29,3.13
47-5228,Etta,Maroney,1996-12-03,3.62
47-0634,Andree,Cassius,1995-05-18,3.62
44-0829,Lacie,Wind,1990-04-20,2.76
52-6051,Letizia,Abernon,1991-06-19,4.48
45-1997,Sybille,Zitvaa,1993-03-09,3.14
81-3059,Carly,Viddah,1993-11-05,1.96
47-1148,Daune,Jaylene,2000-05-11,1.69
49-6086,Jacquetta,Radu,1992-04-24,3.72
49-3804,Veda,Daveta,1991-05-02,4.04
63-7087,Nannie,Bethany,1996-03-24,3.87
47-4128,Modestia,Maroney,1993-12-04,4.64
45-4555,Lacie,Natalia,1993-02-06,0.89
52-1002,Susan,Mott,1990-10-02,4.62
48-0885,Dianemarie,Erskine,1992-12-13,1.42
82-3438,Harmonia,Martsen,1992-07-05,4.35
49-5796,Jacquetta,Pattin,1998-10-05,2.65
46-7923,Ariela,Vilma,1996-04-16,4.1
68-9223,Ursulina,Lanita,1995-02-04,2.78
48-2891,Ermengarde,Jerold,1995-07-31,1.42
76-3732,Margalo,Johnsson,1993-10-25,2.04
47-0994,Randa,Niccolo,1991-04-18,4.53
63-5971,Gretal,Macey,1998-11-19,1.03
49-9695,Hallie,Muriel,1997-07-22,1.36
62-6543,Rosene,Gualtiero,1995-02-05,4.49
65-9315,Lyssa,Havens,1994-05-02,1.94
80-4789,Keelia,Buffum,1994-04-10,0.97
79-4826,Kamilah,Angelis,1997-03-16,1.32
77-6786,Aubrie,Longfellow,2000-10-28,2.65
67-3456,Kary,Noam,1996-04-12,1.68
44-1654,Susan,Nester,1998-03-15,1.42
44-0868,Luci,Standing,1993-10-17,4.26
85-6918,Tamqrah,Rubie,1994-11-25,2.88
61-6130,Nariko,Kinnard,1995-04-14,1.2
62-7444,Stevana,Cristi,1991-11-22,4.8
82-2862,Tina,Nedrud,1997-01-14,3.7
49-7286,Sophia,Fiann,1993-07-18,3.85
60-8297,Lanna,Elisha,1992-05-07,1.7
49-3468,Roxane,Angelis,1999-08-27,3.72
55-2120,Willetta,Carey,1992-10-26,2.75
62-1951,Ardys,O'Carroll,1991-04-18,3.84
45-2163,Marika,Hortensia,1993-01-09,4.27
44-4664,Susan,Kenney,1999-11-05,2.74
85-8673,Sheelagh,Ackerley,1991-03-01,1.58
81-8632,Brena,Hanleigh,1995-10-28,4.02
68-5248,Romona,Frendel,1999-11-03,2.24
48-0250,Ekaterina,Rosette,1995-04-06,3.24
59-1187,Brana,Beebe,1995-02-16,3.71
48-0674,Mahalia,Argus,1996-03-20,4.3
48-5774,Elmira,Ursulette,2000-03-08,0.85
47-6583,Cherilyn,Syd,1999-07-30,2.97
48-7230,Cherrita,Bohlin,1994-07-15,1.86
72-1631,Rosanne,Gert,1995-07-19,1.57
77-7389,Alejandra,Hessler,1995-03-30,3.52
85-1527,Ermengarde,Maroney,1997-07-11,4.67
50-0194,Bobinette,Chem,1992-04-02,2.51
86-0241,Veda,Alcott,1997-03-12,1.98
48-2656,Melisent,Penelopa,1992-08-12,1.17
44-7915,Kittie,Dearborn,1998-01-01,3.6
47-2970,Christian,Cleavland,1996-02-04,1.51
48-3049,Clarice,Meli,1993-05-30,2.1
48-6527,Rori,Cleo,1999-06-24,4.17
65-7144,Sibella,Andrel,1997-11-10,2.04
46-8459,Grier,Vivle,1998-01-16,2.54
52-2976,Belva,Meter,1999-08-21,0.91
45-7821,Dania,Torray,1997-06-09,3.4
44-6778,Layla,Bultman,1990-10-07,3.54
44-7655,Tori,Kress,1995-01-18,3.99
45-2339,Susan,Peonir,1997-09-02,4.24
72-6913,Sean,Jalbert,1990-08-14,3.5
44-5785,Berta,Muriel,1993-01-25,1.72
86-9486,Brietta,Rheingold,1992-10-31,1.09
55-8203,Gerrie,Nerita,2000-11-13,1.94
48-7656,Goldie,Leonard,1992-04-10,3.3
46-0667,Gale,Berne,1999-02-05,4.09
50-2980,Lory,Morrill,1991-10-14,2.3
65-0232,Sallie,Timon,2000-10-23,3.34
48-1759,Lisette,Cadmar,1991-12-24,3.01
45-1386,Sharlene,Waldron,1995-07-30,2.89
62-8679,Demetris,Martguerita,1992-05-31,4.35
44-0652,Yolane,Jobi,1996-07-30,0.91
61-8494,Sabina,Ries,1996-07-12,1.28
72-7407,Angela,Roscoe,1992-06-30,3.29
74-5506,Dale,Yoko,1998-06-01,2.66
82-6832,Adriana,Nickola,1992-05-10,3.68
47-1357,Ebonee,Lareena,1995-07-23,4.32
47-4335,Fawne,Freddi,1993-03-08,2.29
80-2565,Kenna,Johnsson,1995-06-23,1.47
79-7299,Consuela,Dituri,1990-09-17,3.16
45-1637,Cindelyn,Chem,1998-11-19,3.19
48-5504,Roslyn,Raychel,1994-10-01,1.22
50-0308,Brooks,Niccolo,1994-07-24,1.06
49-7845,Thalia,Harned,1991-01-22,1.75
86-1316,Frank,Bahr,2000-03-22,2.28
84-2886,Tani,Ambrosia,1995-02-26,4.33
86-3997,Sarette,Katrine,1991-03-30,3.24
49-7208,Joceline,LaRue,1997-11-11,2.53
46-6228,Edith,Bluh,1992-06-21,1.22
45-6460,Cathie,Borrell,1995-05-08,4.69
84-9909,Lila,Israeli,1995-06-01,2.21
48-7250,Kaia,Yoko,1990-02-24,1.84
65-5225,Yolane,Erskine,1994-01-22,3.28
45-3851,Jan,Nance,1995-08-09,1.73
54-4233,Daryl,Rossner,1998-05-20,1.78
64-0930,Arlena,Iiette,1992-10-18,2.02
67-4647,Roberta,Pyle,1996-12-28,2.05
55-6611,Julieta,Roscoe,1990-03-21,2.5
45-1321,Arlena,Rad,1995-06-21,3.7
56-7033,Nollie,Keily,1995-03-25,3.43
50-6724,Kamilah,Baudin,1991-03-17,4.71
45-5063,Aaren,Sawtelle,1997-08-05,2.01
62-0604,Raf,Isacco,2000-05-27,3.2
84-3145,Phedra,Hazlett,2000-04-15,1.98
44-6479,Hermione,Daegal,1992-01-19,1.46
48-5876,Ernesta,Randene,1994-06-24,2.75
68-1990,Gale,Giff,1990-01-06,3.59
44-8290,Xylina,Sibyls,1993-03-02,2.74
44-5505,Christian,Ciro,1990-01-20,1.9
80-4994,Hope,Thunell,1994-06-22,3.43
86-6058,Rivalee,Cleavland,1999-06-30,1.16
44-4864,Shandie,Lymann,1998-12-30,1.73
44-7880,Corene,Cassius,1995-03-13,1.3
44-2199,Genevra,Maribeth,1992-01-27,1.45
49-7531,Petronia,Maxi,1997-01-20,4.59
50-6808,Diena,Goerke,1999-12-25,2.87
53-6598,Justinn,Jerold,1990-02-05,1.35
87-5560,Dotty,Standing,1998-11-18,4.27
47-2209,Jaime,Olympium,2000-03-16,3.97
46-1017,Christy,Dex,1994-11-06,3.31
44-0808,Bobbi,Forrer,1993-11-09,1.7
67-1305,Carilyn,Ellord,1995-06-23,2.12
54-7479,Romona,Sasnett,1997-08-14,4.61
77-3014,Clementine,Bettine,1993-01-29,2.42
49-8856,Helena,Cassius,1997-01-16,1.52
65-9702,Nikki,Brian,1996-02-11,2.82
49-6856,Carree,Llovera,1998-07-30,4.47
48-8476,Clo,Wilkinson,1992-06-07,2.12
77-5851,Lacie,Salchunas,1990-06-16,3.04
52-5966,Henriette,Maribeth,1994-11-19,1.93
68-0017,Modestia,Hebner,1992-10-13,3.3
56-1370,Sibella,Winnick,2000-11-11,2.61
49-8978,Nelle,Allina,1991-01-27,1.52
47-9595,Blondelle,Marsden,1992-12-12,2.11
69-9428,Kelly,Marsden,1992-01-31,3.76
67-1862,Robbi,Vittoria,1993-12-07,3.46
81-4396,Robinia,Marcellus,1998-06-03,2.33
48-2539,Loree,Margarete,1993-09-19,4.27
44-3422,Marcy,Ammann,1997-08-31,1.63
80-0701,Deedee,Eckblad,1999-11-30,3.89
88-3464,Gisela,Belldas,1992-01-12,4.33
46-2562,Zia,August,1993-04-08,3.78
57-7738,Natka,Daveta,1999-12-31,4.02
51-7618,Rebeca,Lynn,1999-06-02,2.88
89-7545,Charissa,Moina,1993-07-20,2.44
45-4966,Dulce,Fontana,1993-11-20,3.64
45-8638,Kirstin,Brunell,2000-04-18,4.2
44-7026,Beth,Orelee,1996-06-18,2.29
49-7826,Elise,Armanda,1998-07-21,2.3
45-0465,Theodora,Penelopa,1992-12-05,3.2
44-0243,Katleen,Voletta,1991-08-06,2.33
47-8246,Rosabelle,Meter,1997-11-29,1.4
64-0528,Reeba,Fax,1992-11-19,1.3
61-5408,Rayna,Ball,1997-10-13,3.23
63-4666,Ashlee,Cassius,1993-08-03,3.36
49-4731,Yolane,Diann,1998-05-24,1.6
49-8048,Kylynn,Cassius,1998-05-30,1.01
46-3781,Jean,Sherrie,2000-12-16,4.15
49-0028,Dagmar,Dunkin,1992-04-14,2.43
76-4585,Zondra,Vastah,1991-03-01,1.17
48-4199,Judy,Arley,2000-08-22,3.4
60-1025,Vevay,Astra,1998-04-22,0.82
47-0977,Frieda,Rolf,1997-02-28,2.72
79-6707,Rhea,Greyson,1992-05-26,1.71
49-1413,Elise,Weinreb,1999-06-15,1.39
49-6092,Correy,Keily,1996-03-18,2.55
47-6469,Blake,Aurelio,1995-03-18,3.05
48-3944,Deloria,Waite,1999-01-13,3.73
47-7552,Trudie,Jehu,1995-05-22,1.55
73-9137,Hyacinthe,Ackerley,1992-08-11,4.44
47-1349,Sam,Uund,1991-08-22,1.18
78-3974,Lulita,Longfellow,1990-01-14,3.53
45-3745,Jany,Faro,1996-05-11,1.41
48-6195,Korrie,Estella,1996-10-01,1.9
66-2594,Cathie,Prober,1996-06-28,2.61
49-3804,Justinn,Quent,1999-08-11,3.32
55-2041,Belva,Rozanna,1992-11-24,3.7
69-9460,Lyssa,Gordon,2000-12-10,2.33
89-5085,Raquela,Croix,1992-12-23,3.71
44-4416,Tani,Voletta,1990-12-14,3.82
48-2998,Joelly,Gale,1994-06-20,3.82
48-2743,Melisent,Ardeha,1993-06-07,2.46
46-1223,Chere,Zrike,1993-09-24,3.41
48-8401,Nelle,Travax,1999-02-27,4.18
57-0429,Raquela,Evangelia,1995-08-11,3.8
57-5555,Fernande,Bow,1999-10-21,4.74
46-9019,Merci,Jefferey,1999-06-17,4.65
46-6553,Edyth,Mata,2000-04-08,2.72
66-1316,Kerrin,Janene,2000-07-27,2.59
48-8284,Bill,Drisko,1996-10-14,3.88
46-6122,Addia,Dulciana,1990-07-14,1.97
58-8922,Giustina,Bivins,2000-05-27,3.93
47-6079,Gisela,Edison,2000-11-19,3.76
87-3442,Willetta,Seagraves,1993-08-24,1.84
59-6222,Ronna,Terencio,1992-03-26,3.63
49-9945,Reeba,Ricki,1993-04-27,3.79
64-5102,Darci,Mitzi,1992-05-18,4.17
44-8919,Christy,Fennessy,1994-07-11,2.67
63-6805,Bettine,Schlosser,2000-05-18,2.07
48-4431,Yolane,Lasley,1991-11-21,1.77
65-6098,Ileana,Maiah,1993-12-19,2.55
70-0202,Feliza,Barney,2000-12-06,1.67
77-8864,Cyndie,Grimbly,1997-03-24,1.37
57-8679,Karly,Donell,1997-11-07,2.44
47-9046,Marcy,Fancie,1996-11-23,2.66
49-9769,Cordi,Aloise,1993-08-22,3.53
86-0018,Viki,Ephrem,1994-09-09,2.37
89-8806,Annora,Kazimir,1994-04-23,2.45
61-5385,Berta,Niccolo,1997-09-01,4.7
47-9150,Trixi,Jagir,1994-05-02,3.94
56-4697,Renie,Vary,1990-10-22,3.57
53-5665,Zondra,Docilla,1994-11-22,0.88
51-3101,Karolina,Brady,1995-11-01,4.1
72-8520,Bill,Ciapas,1992-07-10,4.16
68-3437,Marylou,Alexandr,1998-04-17,1.77
45-2736,Gratia,Ammann,1993-08-12,4.61
62-4046,Karena,Imelida,2000-09-04,3.8
82-1314,Marguerite,Philipp,1994-04-11,1.55
48-0343,Hettie,Elvyn,1998-04-15,1.64
45-8952,Tressa,Anton,1990-12-10,2.66
46-3281,Arlena,Hutchison,1990-12-13,3.51
76-6606,Annaliese,Herrera,1990-04-05,3.43
44-1618,Laurene,Mata,1994-05-27,1.62
47-5622,Lynnea,Wattenberg,1993-05-15,1.21
45-8950,Estell,Sacken,1993-08-01,4.33
73-8400,Mady,Thilda,1993-12-16,2.61
73-1720,Marylou,Sherfield,1996-08-29,1.11
49-0630,Doralynne,Terrence,1999-09-11,2.35
86-6089,Jaime,Fontana,1994-03-28,2.48
70-3437,Olwen,Gavrila,1995-01-05,2.23
60-8021,Morganica,Dawkins,1998-11-05,2.88
46-5118,Melisent,Leffen,1990-08-29,3.89
63-7000,Merle,Faust,1994-01-05,2.68
78-5387,Mara,Loeb,1994-01-15,1.46
48-7152,Mathilda,Reinke,1998-03-30,1.53
82-4581,Dorthy,Bobbee,1991-02-15,3.54
50-6117,Beth,Shaddock,1993-07-18,1.83
48-7488,Hollie,Bigner,1994-01-10,2.88
45-9201,Corina,Linehan,1997-11-30,4.45
44-2968,Dania,Old,1999-11-27,4.6
44-4974,Kristina,Dahlia,1999-08-25,2.67
82-0708,Gianina,Phi,1992-01-18,1.64
86-0636,Rosanne,Goth,1991-06-15,4.55
44-9624,Donetta,Newell,1995-04-18,3.54
62-9654,Dorene,Marlie,1999-06-03,1.77
45-2326,Lonnie,Shuler,1998-07-01,3.31
49-8578,Cindelyn,Ephrem,1996-09-15,2.37
62-6616,Winny,Janith,1993-08-31,2.62
47-6930,Blake,Jefferey,1992-05-24,1.26
47-6855,Hermione,Caitlin,1991-06-17,4.02
47-1132,Marleah,Shirberg,1999-04-13,4.75
79-4862,Farrah,Hamil,1990-07-24,4.62
45-2424,Tani,Niles,1997-01-13,4.67
72-4426,Dulcinea,Morgun,1992-04-30,0.9
49-0245,Gerianna,MacIntosh,1990-07-29,3.78
57-9449,Ellette,Richers,1993-03-10,2.62
82-7290,Nikki,Bettine,1990-06-04,1.74
46-6907,Lolita,Brenn,1994-12-03,3.89
70-8457,Elena,Kiersten,1999-09-04,3.52
47-0773,Harmonia,Payson,1992-11-01,1.59
48-4413,Linzy,Iiette,1991-07-09,3.18
56-2464,Valeda,Thar,1990-11-08,3.3
45-7540,Eugine,Shirberg,1994-07-07,2.18
72-3744,Dominga,Hoban,1991-10-18,2.65
48-2271,Brianna,Sparhawk,1997-08-31,4.26
77-1998,Linet,Edison,1990-03-13,1.24
85-0543,Sheree,Vale,1995-09-14,1.15
45-8004,Ana,Giule,1997-01-06,4.69
45-6997,Jennica,Guildroy,1992-03-04,1.39
52-2870,Ninnetta,Shaver,1993-08-30,2.46
45-6566,Sandie,Therine,1990-04-09,2.34
44-2447,Eve,Seligman,1997-03-10,1.53
80-6889,Letizia,Baptlsta,2000-04-03,3.48
46-4461,Krystle,Luhe,1992-03-04,1.47
44-6555,Stevana,Alrich,1994-10-28,2.43
65-2907,Tatiania,Bari,1990-04-26,1.94
44-5433,Di,Linskey,1993-05-24,4.5
79-5548,Cecile,Serilda,1993-03-28,3.04
56-3854,Tomasina,Sancho,1999-05-12,3.55
56-3327,Shaylyn,Gavrila,2000-08-18,4.15
82-9490,Kirbee,Liva,1997-05-12,3.43
69-2021,Carree,Hollingsworth,1995-11-26,2.16
49-6557,Elbertina,Hathaway,1996-05-17,1.09
48-4621,Chickie,Daegal,1997-12-30,4.45
89-5403,Yetty,Carmena,1996-03-30,3.52
49-5168,Melodie,Paton,1994-03-03,4.12
52-1565,Larine,Henrie,1998-05-13,4.21
45-2601,Emmey,Hebner,1994-03-18,1.27
59-4013,Letizia,Wallis,1992-11-22,1.96
56-4475,Tabbatha,Odell,1990-08-10,1.02
48-3571,Fanny,Birdella,1994-01-06,2.58
44-3424,Ulrike,Demitria,1994-02-09,1.7
49-8515,Agathe,Georgy,1992-09-30,3.22
45-1692,Averyl,Kermit,1992-01-17,1.99
44-0572,Edith,Center,1991-01-29,4.76
44-1145,Madeleine,Eachern,1997-08-21,3.92
47-8438,Donnie,Obed,1996-11-29,2.97
63-8570,Oralee,Kronfeld,1990-12-17,2.27
47-7658,Allyce,Vivle,1997-12-19,2.3
69-9631,Aeriela,Alejoa,1991-06-22,4.19
55-0513,Kayla,Carvey,1992-06-19,4.55
45-3989,Sharai,Redmond,1994-05-23,4.61
65-3391,Natka,Briney,1997-08-24,1.15
83-6906,Halette,Sinegold,1999-12-15,0.85
46-9772,Tina,Ardra,1998-01-19,4.11
44-5298,Sabina,Jenness,1994-11-08,4.27
62-3766,Joy,Gherardo,1994-03-02,3.76
66-6529,Trixi,Frodi,1992-01-07,3.87
49-5532,Marcy,Anyah,1996-10-08,3.85
68-5970,Alejandra,Himelman,1994-04-17,3.4
65-2045,Kylynn,Wandie,1992-11-12,4.58
48-4652,Malina,Turne,1996-02-04,0.92
49-3170,Renie,Thar,2000-01-06,3.28
47-2526,Gerrie,Agle,1993-08-17,4.19
49-6493,Tracey,Olin,1991-11-03,1.11
44-0602,Emma,Fulmer,1996-10-28,4.15
60-2313,Annecorinne,Skurnik,1999-01-09,1.16
48-1826,Roz,Jorgan,1997-04-18,3.03
88-5263,Yetty,Adamsen,1993-03-09,1.66
52-7271,Maurene,Mayeda,1993-06-25,4.68
86-4340,Lolita,Georgy,1993-08-19,2.02
83-1546,Jessy,Himelman,1991-09-08,0.91
62-3162,Drucie,Thornburg,1997-08-28,0.81
46-9408,Hayley,Wareing,1997-10-14,2.67
58-9629,Agnese,Presber,1999-12-13,2.12
61-2812,Correy,Jehu,1993-06-14,2.2
45-1372,Cristine,Eliathas,1999-12-06,0.99
48-3981,Merrie,Drus,1992-03-21,4.34
48-1451,Kirstin,Erb,1997-04-23,3.65
48-0178,Amara,Celestine,1990-01-12,4.26
47-2684,Lulita,Margret,1990-06-13,3.8
79-9154,Violet,Wolfgram,2000-08-07,4.02
46-8304,Charlena,Hillel,1993-10-06,3.5
78-3502,Leia,Sallyann,1998-07-14,1.39
85-9128,Jinny,Rurik,1992-01-18,2.15
47-1136,June,Iaverne,1993-12-03,2.02
87-3366,Cacilie,Darian,1991-08-05,4.51
47-5570,Adriana,Phi,1992-07-28,3.98
78-6877,Verla,Wenda,2000-12-08,2.41
82-5585,Rayna,Wolfgram,1990-12-19,1.98
71-2572,Fina,Klemperer,1997-08-16,1.9
68-1134,Eve,Hoban,1993-11-06,2.09
46-9619,Wanda,Delacourt,1992-08-23,1.19
44-0745,Cassandra,Brady,1994-05-04,1.11
54-8717,Alyda,Sacken,1991-05-06,2.56
55-9769,Nessie,Martguerita,1994-10-22,1.21
48-0932,Cassondra,McLaughlin,1993-06-06,2.13
47-5390,Blinni,Arne,1999-01-14,4.44
56-3545,Brietta,Erlandson,2000-09-27,1.06
76-4205,Genovera,Alisia,1991-05-07,2.73
44-9684,Teddie,Lymann,1997-04-09,2.92
48-2094,Stevana,Abernon,1992-07-13,3.77
49-6409,Theodora,Levey,1991-07-07,4.03
45-8828,Cherrita,Bergman,1990-11-02,0.94
57-3621,Elka,Narton,1997-12-14,3.94
67-6492,Nelle,Saint,1996-11-10,3.49
49-3585,Edith,Tufts,1998-05-19,1.31
47-9870,Priscilla,Sharl,1999-02-03,0.94
47-2658,Gusty,Shaddock,1995-01-29,2.34
87-8474,Malina,Harday,1993-12-18,1.37
48-3897,Susette,Sheedy,1994-04-14,4.54
52-4245,Marleah,Karl,1996-06-19,3.25
44-5498,Briney,Vivle,1995-07-18,4.5
46-7994,Jaclyn,Mozelle,1995-03-08,1.38
46-2532,Ernesta,Azeria,1992-04-11,2.28
75-4287,Gianina,Pearse,1996-06-06,3.85
61-5848,Georgina,Bohlin,2000-01-26,4.54
66-0233,Dale,Aaberg,1994-01-10,3.94
44-7664,Johna,Roarke,1996-09-29,3.54
48-2957,Lynde,Nickola,1992-03-01,0.93
49-5294,Gavrielle,Ardeha,1991-08-28,1.41
47-1385,Wynne,Delacourt,2000-04-20,2.38
80-3237,Shirlee,Niccolo,1992-05-31,1.05
81-0398,Babita,Philipp,1999-09-14,4.47
47-4944,Blondelle,Teddman,2000-09-13,2.06
46-4884,Lesly,Aloise,1997-10-07,0.84
49-9953,Hermione,Horan,2000-04-09,2.23
49-3396,Gratia,Presber,1994-04-01,1.13
51-1312,Tressa,Sperling,1990-07-15,1.66
84-2611,Reeba,Thema,1994-04-12,4.07
48-1311,Liana,Salchunas,2000-03-29,1.71
52-8831,Lucille,Zetta,1994-04-04,3.88
83-0948,June,Pernick,1999-01-27,1.71
49-7279,Cacilie,Lanita,1996-06-14,2.85
72-4218,Charissa,Kazimir,1997-03-23,3.99
47-8796,Zia,Rustice,1995-03-20,1.82
49-2381,Brynna,Stav,1994-05-19,1.01
81-0880,Lorenza,Avi,1990-02-03,4.26
51-8839,Jeanna,Redmond,1991-09-12,1.64
60-6848,Moyna,Crudden,1996-04-07,2.93
71-2340,Xylina,Chobot,1990-06-23,1.54
49-8503,Gilligan,Flita,1996-03-14,4.43
48-6385,Kylynn,Zuzana,2000-07-08,1.69
47-6831,Ada,Swigart,1998-01-11,2.59
47-8962,Kalina,Jess,1993-05-24,3
45-1880,Modestia,Mauer,1992-08-12,1.51
49-9239,Barbara,Montgomery,2000-08-13,0.97
86-1903,Ginnie,Argus,1994-10-05,4.11
57-7820,Augustine,Zuzana,1990-03-15,1.46
44-8169,Mellicent,Pozzy,1994-04-20,4.79
48-8641,Ayn,Podvin,1992-05-11,2.24
58-1549,Jolyn,Wesle,1998-07-07,4.11
83-7532,Marita,Kylander,2000-09-13,2.38
45-4825,Rori,Dom,1991-04-28,3.65
47-5750,Chere,Shaddock,1994-02-13,3.8
75-2973,Jsandye,Bari,1998-10-14,2.12
44-9242,Eadie,Anton,1997-12-20,4.7
48-6550,Jsandye,Nester,1992-03-12,3.34
68-3703,Stevana,Andrel,1994-08-10,2.98
75-2832,Justinn,Teddman,1992-05-13,3.89
89-0977,Tatiania,Nea,1999-07-15,4.19
46-6207,Lory,Deny,1990-10-21,1.03
49-1651,Jobi,Libna,1999-04-25,1.02
44-6387,Allis,Roscoe,1990-06-27,1.44
77-4795,Dyann,Dawkins,2000-12-04,3.82
63-7879,Amalie,Darian,1990-12-11,1.28
44-8401,Laurene,Denis,1992-12-26,0.83
73-7538,Ardeen,Daegal,1993-01-22,1.65
86-5179,Ginnie,Goode,1992-07-22,4.51
48-2323,Ashlee,Rad,1995-05-06,1
49-7825,Aili,Klotz,1991-11-04,3.81
44-1616,Joy,Vary,1994-10-13,2.12
46-8607,Nelle,Ruvolo,2000-10-11,3.21
49-7820,Zia,Wallis,1997-11-13,4.77
89-0192,Rhoda,Even,2000-04-10,3.93
60-1450,Ulrike,Barney,1990-10-25,4.68
45-6908,Brynna,Lynn,1992-05-21,1.42
89-5027,Hannis,Waldron,1997-10-18,4.39
56-6402,Ottilie,Bluh,1998-10-21,2.9
58-7731,Cassondra,Rosemary,1992-03-15,3.31
59-6787,Hildegaard,Philoo,1996-01-20,2.28
44-3054,Belinda,Aldric,1997-12-21,4.57
86-7907,Zsa Zsa,Brady,1990-08-26,1.99
49-7354,Joleen,Amasa,1990-11-16,1.15
44-1799,Lorne,Radu,1993-07-23,2.66
81-2083,Florencia,Hachmin,2000-12-14,3
71-5611,Kore,Sundin,1996-11-26,3.82
47-2716,Aili,Stover,1994-05-28,3.99
49-4358,Paulita,Ellord,2000-09-25,1.27
48-7469,Gwyneth,Nester,1995-09-06,3.95
66-7005,Maridel,Jerold,1997-01-02,2.98
52-6911,Sibella,Cristi,1998-11-10,3.55
46-6896,Joceline,Cookie,1998-08-07,2.55
55-5738,Ketti,Corilla,1993-02-04,3.83
58-8437,Stephanie,Kare,1995-09-03,2.28
46-7109,Suzette,Sparhawk,1999-02-07,1.26
77-0847,Kristan,Brieta,1990-08-21,2.97
61-8573,Dari,Vins,1995-03-16,3.04
47-0662,Marti,Boycey,1998-06-23,3.85
62-2737,Shell,Aldric,1999-06-01,1.92
46-3001,Dennie,MacIntosh,1991-04-02,1.43
44-6117,Lory,Joeann,1992-10-25,4.13
54-8875,Tobe,Sidonius,1997-04-10,0.91
79-1434,Marnia,Susannah,1993-01-24,3.06
64-6454,Vita,Concha,1991-12-28,4.32
44-7439,Corina,Sabella,1997-06-02,0.89
55-2169,Phedra,Ries,1996-05-16,2.16
75-9307,Zondra,Flita,1999-03-07,1.2
84-4041,Chastity,Sancho,1990-10-13,1.16
65-3111,Sheelagh,O'Carroll,1998-10-03,0.86
46-2202,Dagmar,Suanne,2000-05-28,1.28
81-3790,Wynne,Ivens,1995-07-12,3.99
48-6021,Marti,Blase,1994-03-30,4.51
45-6074,Lenna,Delila,1995-09-07,4.35
65-2333,Sybille,Hedve,1991-12-21,4.29
44-5304,Dorthy,Delila,1992-04-18,2.24
88-5748,Steffane,Kress,1995-05-29,1.33
49-2860,Alyssa,Simmonds,1994-03-13,3.91
65-1530,Roberta,Dorine,1994-09-09,2.31
44-1319,Raf,Selway,1997-06-01,4.63
48-5905,Nonnah,Lamoree,1992-03-28,1.49
51-5959,Chastity,Drisko,1991-10-30,4.13
67-0482,Chloris,Bebe,1992-05-24,1.24
47-2183,Ashlee,Sawtelle,1991-01-04,4.72
62-0054,Teriann,Carolin,1999-08-01,1.96
49-8851,Laure,Aprile,1990-09-08,2.42
57-8278,Jaclyn,Schwejda,1999-10-16,4.33
84-9656,Pearline,Lynn,1991-06-22,1.04
44-7123,Viviene,Gibbeon,1997-01-25,4.57
46-2895,June,Nelsen,1993-09-11,1.87
44-6707,Krystle,Donell,1992-02-15,2.8
46-3101,Iseabal,Penelopa,1991-06-05,1.89
89-3240,Anthia,Beniamino,1998-10-23,1.65
49-9073,Layla,Naor,1992-12-28,4.66
59-7132,Cam,Blisse,1996-08-09,3.89
73-6409,Kaia,Adore,2000-10-19,3.37
77-9447,Shirlee,Brackely,1991-02-19,2.05
69-2513,Mireielle,Gibbeon,1995-05-15,2.86
46-9259,Hyacinthe,Nea,1994-02-21,4.21
80-8458,Kerrin,Hubert,1996-11-09,2.94
82-6093,Margarette,Magnolia,1991-07-10,3.96
45-8110,Anestassia,Zachary,1998-01-18,3.04
45-5732,June,Lytton,2000-12-02,2.03
44-7301,Cissiee,Raychel,1997-10-01,1.32
79-0350,Mady,Hoban,1996-12-02,4.01
45-7534,Gloria,O'Rourke,1997-09-22,1.2
81-9347,Karlee,Bollay,1991-12-03,0.94
76-8927,Donnie,Linehan,1998-09-03,3.04
65-2733,Wanda,Latini,1990-01-28,3.02
58-9155,Sidoney,Rosemary,1997-04-15,3.39
47-0813,Lacie,Zamora,1991-08-21,2.84
71-1712,Stephanie,Timon,1994-06-13,1.79
44-2906,Brandise,Madelene,2000-04-18,3.48
79-0980,Petronia,Ingra,1997-10-18,0.84
45-0286,Netty,Honoria,2000-09-12,3.81
69-3993,Misha,Xerxes,1995-12-03,2.62
49-0822,Corene,Verger,1993-08-04,2.59
44-5874,Josephine,Boehike,1994-11-25,4.49
69-7995,Moyna,Chinua,2000-08-06,2.59
62-3298,Talya,Tyson,1998-06-25,2.61